{"cameraMode":{"drawMode":0,"name":"Shaded","section":"Shading Mode"},"sceneLighting":true,"audioPlay":false,"sceneViewState":{"showFog":true,"showMaterialUpdate":false,"showSkybox":true,"showFlares":true,"showImageEffects":true,"showParticleSystems":true},"in2DMode":false,"pivot":{"x":2.072622060775757,"y":0.9684199690818787,"z":-0.2914159297943115},"rotation":{"x":0.0002627910871524364,"y":0.9992368817329407,"z":0.038680315017700198,"w":-0.006879896391183138},"size":8.915138244628907,"orthographic":false}