{"cameraMode":{"drawMode":0,"name":"Shaded","section":"Shading Mode"},"sceneLighting":true,"audioPlay":false,"sceneViewState":{"showFog":true,"showMaterialUpdate":false,"showSkybox":true,"showFlares":true,"showImageEffects":true,"showParticleSystems":true},"in2DMode":false,"pivot":{"x":0.33064863085746767,"y":0.8711177110671997,"z":0.34897899627685549},"rotation":{"x":0.002013837918639183,"y":0.9976186752319336,"z":-0.03324269503355026,"w":0.060545045882463458},"size":6.591824531555176,"orthographic":false}