{"cameraMode":{"drawMode":0,"name":"Shaded","section":"Shading Mode"},"sceneLighting":true,"audioPlay":false,"sceneViewState":{"showFog":true,"showMaterialUpdate":false,"showSkybox":true,"showFlares":true,"showImageEffects":true,"showParticleSystems":true},"in2DMode":false,"pivot":{"x":-0.00022339820861816406,"y":0.892648458480835,"z":0.0050928592681884769},"rotation":{"x":-0.0198039673268795,"y":0.020406290888786317,"z":-0.00040274966158904135,"w":-0.9995993375778198},"size":4.096168041229248,"orthographic":false}