{"cameraMode":{"drawMode":0,"name":"Shaded","section":"Shading Mode"},"sceneLighting":true,"audioPlay":false,"sceneViewState":{"showFog":true,"showMaterialUpdate":false,"showSkybox":true,"showFlares":true,"showImageEffects":true,"showParticleSystems":true},"in2DMode":false,"pivot":{"x":-0.48015937209129336,"y":0.9788150191307068,"z":-0.011098884046077729},"rotation":{"x":-0.0198039673268795,"y":0.020406290888786317,"z":-0.00040274966158904135,"w":-0.9995993375778198},"size":3.796168088912964,"orthographic":false}