{"cameraMode":{"drawMode":0,"name":"Shaded","section":"Shading Mode"},"sceneLighting":false,"audioPlay":false,"sceneViewState":{"showFog":true,"showMaterialUpdate":false,"showSkybox":true,"showFlares":true,"showImageEffects":true,"showParticleSystems":true},"in2DMode":false,"pivot":{"x":-0.00022339820861816406,"y":0.892648458480835,"z":0.0050928592681884769},"rotation":{"x":0.08193164318799973,"y":0.06691811233758927,"z":-0.005513457115739584,"w":0.9943743348121643},"size":4.096168041229248,"orthographic":false}